,,0,1,2,3,4,5,6,7,8,9,10,11,12,13,14,15,16,17,18,19,20,21,22,23,24,25,26,27,28,29,30,31,32,33,34,35,36,37,38,39,40,41,42,43,44,45,46,47,48,49,50,51,52,53,54,55,56,57,58,59,60,61,62,63,64,65,66,67,68,69,70,71,72,73,74,75,76,77,78,79,80,81,82,83,84,85,86,87,88,89,90,91,92,93,94,95,96,97,98,99,100,101,102,103,104,105,106,107,108,109,110,111,112,113,114,115,116,117,118,119,120,121,122,123,124,125,126,127,128,129,130,131,132,133,134,135,136,137,138,139,140,141,142,143,144,145,146,147,148,149,150,151,152,153,154,155,156,157,158,159,160,161,162,163,164,165,166,167,168,169,170,171,172,173,174,175,176,177,178,179,180,181,182,183,184,185,186,187,188,189,190,191,192,193,194,195,196,197,198,199
epoch_loss,value,1.223734736442566,0.9384689927101135,0.8610427975654602,0.8151224255561829,0.7745423316955566,0.7357963919639587,0.6997567415237427,0.6867512464523315,0.6539965271949768,0.6317028999328613,0.6036264896392822,0.5809293389320374,0.5715610980987549,0.5423266291618347,0.5399695038795471,0.5040900111198425,0.5072823762893677,0.48666301369667053,0.46390992403030396,0.4665009677410126,0.44822436571121216,0.43310365080833435,0.4192185699939728,0.40509021282196045,0.4078136384487152,0.38749122619628906,0.3912460505962372,0.3694077730178833,0.3754093647003174,0.3518076539039612,0.3453589081764221,0.34051021933555603,0.33239075541496277,0.3276188373565674,0.31441184878349304,0.3191419243812561,0.30941659212112427,0.30089545249938965,0.29508885741233826,0.29363393783569336,0.27346372604370117,0.2766236364841461,0.28059878945350647,0.27798759937286377,0.26085150241851807,0.2686680853366852,0.2558521628379822,0.25506025552749634,0.2623887360095978,0.23990090191364288,0.23963232338428497,0.23504602909088135,0.23905959725379944,0.23104384541511536,0.2263333797454834,0.22325219213962555,0.22522416710853577,0.21364924311637878,0.2137305587530136,0.20643800497055054,0.21175426244735718,0.21018807590007782,0.200995534658432,0.2088506668806076,0.1936585158109665,0.19688168168067932,0.2000560611486435,0.1894369125366211,0.18180496990680695,0.1772656887769699,0.18702349066734314,0.1914186328649521,0.1839572787284851,0.16870999336242676,0.17455118894577026,0.17927616834640503,0.1698659211397171,0.16782577335834503,0.16805976629257202,0.17322677373886108,0.17287984490394592,0.15457645058631897,0.165767103433609,0.15376588702201843,0.1569366455078125,0.15247173607349396,0.15010517835617065,0.16947601735591888,0.14925844967365265,0.15431424975395203,0.14805056154727936,0.15697377920150757,0.14194293320178986,0.14329463243484497,0.1496337354183197,0.14349208772182465,0.13715630769729614,0.13869456946849823,0.14194685220718384,0.1457221359014511,0.1382838785648346,0.13758613169193268,0.1254461407661438,0.13364148139953613,0.13120095431804657,0.12226886302232742,0.13363029062747955,0.12479091435670853,0.13399600982666016,0.12429984658956528,0.12778067588806152,0.12566669285297394,0.11803024262189865,0.12703369557857513,0.12192402780056,0.12769469618797302,0.11600439250469208,0.12383846938610077,0.12729161977767944,0.11659856140613556,0.12476217746734619,0.11744283139705658,0.1182321235537529,0.11417712271213531,0.11092815548181534,0.11079376935958862,0.11723253130912781,0.1116134524345398,0.1077633947134018,0.11499716341495514,0.10887022316455841,0.10286159068346024,0.09617558121681213,0.1085815504193306,0.11079884320497513,0.11480667442083359,0.10426850616931915,0.09396272897720337,0.10788116604089737,0.10732216387987137,0.10959561914205551,0.09792713075876236,0.09954626858234406,0.09300654381513596,0.08990347385406494,0.10258184373378754,0.10139807313680649,0.10494887083768845,0.09546490013599396,0.08763143420219421,0.10527387261390686,0.0990031287074089,0.09559169411659241,0.08762732893228531,0.09674514085054398,0.09825842827558517,0.0970020666718483,0.09242016077041626,0.09942212700843811,0.09190862625837326,0.09444363415241241,0.09276492893695831,0.08346255123615265,0.09834839403629303,0.08734127134084702,0.08920115977525711,0.10638359189033508,0.08948098123073578,0.08920731395483017,0.08242717385292053,0.08149442821741104,0.09278552234172821,0.0871424600481987,0.08519825339317322,0.0829271525144577,0.09047046303749084,0.08545327931642532,0.08222723007202148,0.08792178332805634,0.08898438513278961,0.0804685726761818,0.07946386188268661,0.08942370861768723,0.08682224899530411,0.09528560936450958,0.07789386063814163,0.08232966810464859,0.08358089625835419,0.07165665924549103,0.0832206979393959,0.07874544709920883,0.09077255427837372,0.07667286694049835,0.07994281500577927,0.07474203407764435,0.0737004354596138,0.08285118639469147,0.08505294471979141,0.07695823907852173,0.08249032497406006
epoch_loss,wall_time,1597785122.8015687,1597785576.5030935,1597785898.4451387,1597786224.1931996,1597786549.9080842,1597786875.7813182,1597787198.024346,1597787517.5335057,1597787835.9464912,1597788154.4731963,1597788470.940833,1597788786.0879948,1597789103.8338685,1597789419.5987065,1597789737.7791636,1597790053.3779917,1597790370.2761605,1597790685.317243,1597791004.0994842,1597791320.6995497,1597791635.3044848,1597791951.9575942,1597792267.4537866,1597792583.0056338,1597792898.1039894,1597793213.5647752,1597793527.5443852,1597793841.8345945,1597794155.9298825,1597794469.7845082,1597794783.6470327,1597795098.3690517,1597795412.3759592,1597795726.1608648,1597796039.9285195,1597796353.3890324,1597796667.4929307,1597796981.4402478,1597797295.3394434,1597797609.979105,1597797923.989783,1597798237.2661304,1597798551.1657615,1597798864.9145496,1597799178.3082755,1597799491.667524,1597799805.3764904,1597800118.7409153,1597800432.7314818,1597800746.8349066,1597801060.4657097,1597801373.7563019,1597801687.3959532,1597802000.8198936,1597802314.9052396,1597802628.529318,1597802941.8377705,1597803255.5196311,1597803568.9481628,1597803881.4886656,1597804194.2420027,1597804507.2275946,1597804819.9742365,1597805133.1821222,1597805446.1639519,1597805758.8803542,1597806071.707121,1597806384.9350421,1597806697.5736089,1597807010.79698,1597807323.7034898,1597807636.1421866,1597807948.9223197,1597808261.9662526,1597808574.142238,1597808887.194274,1597809200.5259209,1597809512.9983625,1597809825.896315,1597810138.4600394,1597810450.8768635,1597810764.0375307,1597811076.7791355,1597811389.151569,1597811702.034224,1597812015.0221298,1597812327.650784,1597812640.569385,1597812953.0692565,1597813265.5731745,1597813578.2228494,1597813890.9781594,1597814203.3125653,1597814516.1604354,1597814829.1530378,1597815141.9868464,1597815454.4988801,1597815766.9778957,1597816079.2890375,1597816392.349741,1597816705.2072656,1597817017.6679265,1597817330.4681776,1597817643.271752,1597817956.1518295,1597818269.0082948,1597818582.1548612,1597818894.7139328,1597819207.6841526,1597819520.2968647,1597819832.6616387,1597820145.2256942,1597820458.0248399,1597820770.4804025,1597821083.3494961,1597821395.87745,1597821708.4978604,1597822021.172618,1597822333.93356,1597822646.2972624,1597822958.8597918,1597823271.4671555,1597823583.7301712,1597823896.2070873,1597824209.1085083,1597824521.4923787,1597824833.9638934,1597825146.3495388,1597825458.5012126,1597825771.2258701,1597826084.1408947,1597826396.537808,1597826709.1169493,1597827021.969575,1597827334.1520803,1597827646.6629937,1597827959.3535554,1597828271.2134123,1597828583.841688,1597828896.6565614,1597829209.6136296,1597829522.4913225,1597829835.1540558,1597830147.5280683,1597830460.2866392,1597830773.0618083,1597831085.1736274,1597831397.69016,1597831710.2415557,1597832022.7034588,1597832335.4934742,1597832648.6395636,1597832961.130004,1597833273.6345541,1597833586.139505,1597833898.6374667,1597834211.0697825,1597834523.9378753,1597834836.1381538,1597835148.6343884,1597835461.3706095,1597835773.865623,1597836086.784979,1597836399.3008769,1597836711.6218367,1597837024.1950085,1597837336.7470865,1597837649.0805635,1597837961.3519003,1597838273.639315,1597838585.5377128,1597838898.3840647,1597839210.7172325,1597839523.1157498,1597839835.8845499,1597840148.843856,1597840460.9476976,1597840773.7369916,1597841086.4415917,1597841399.1100166,1597841711.7767115,1597842024.1598463,1597842336.3118176,1597842649.046183,1597842961.434644,1597843273.932592,1597843586.4102876,1597843899.2457037,1597844211.7964768,1597844524.3132272,1597844836.9060447,1597845149.3494692,1597845462.0357857,1597845774.842019,1597846087.2414086,1597846399.6921015,1597846712.2177184,1597847024.5334103,1597847337.1561034,1597847649.4714413
epoch_classification_loss,value,0.8054681420326233,0.5977359414100647,0.554612398147583,0.5274895429611206,0.5093867182731628,0.4794427156448364,0.46000856161117554,0.453468918800354,0.42931392788887024,0.4159601032733917,0.3963949978351593,0.3798982501029968,0.3751012980937958,0.35594460368156433,0.35260170698165894,0.32900163531303406,0.33130741119384766,0.3161896765232086,0.30006688833236694,0.29956933856010437,0.2903287708759308,0.27801206707954407,0.27028512954711914,0.2567659318447113,0.2624526917934418,0.2462078034877777,0.24506402015686035,0.23384088277816772,0.2377912551164627,0.21898536384105682,0.21562865376472473,0.21350911259651184,0.20757462084293365,0.20375937223434448,0.19360221922397614,0.19787557423114777,0.18963290750980377,0.18511450290679932,0.182078018784523,0.1781921088695526,0.16630016267299652,0.16676537692546844,0.17074698209762573,0.16771690547466278,0.15708282589912415,0.16123703122138977,0.15369652211666107,0.15170185267925262,0.1582891047000885,0.1429242193698883,0.14081211388111115,0.13907106220722198,0.1432001292705536,0.13691461086273193,0.13208730518817902,0.13071005046367645,0.13295164704322815,0.12349359691143036,0.12350049614906311,0.12016050517559052,0.1234179139137268,0.12116778641939163,0.11447368562221527,0.12251061946153641,0.11043494194746017,0.11321047693490982,0.11482138186693192,0.10745415091514587,0.10240554064512253,0.10020910203456879,0.1060585305094719,0.11143925040960312,0.10325746238231659,0.09368358552455902,0.09762876480817795,0.10343056917190552,0.09528083354234695,0.09330037981271744,0.09356822818517685,0.09816926717758179,0.09770482778549194,0.08557000756263733,0.09364750236272812,0.08419812470674515,0.08689358085393906,0.08412712067365646,0.08222252875566483,0.09577357023954391,0.08195686340332031,0.08603266626596451,0.07990383356809616,0.08705437183380127,0.077244833111763,0.0783601850271225,0.08269364386796951,0.07913838326931,0.07372327148914337,0.07476070523262024,0.07788051664829254,0.08160164952278137,0.07542428374290466,0.07353180646896362,0.0659850612282753,0.07094824314117432,0.0721135288476944,0.06341865658760071,0.0708305761218071,0.06708534061908722,0.07267215847969055,0.06666571646928787,0.06786887347698212,0.06834928691387177,0.0619221106171608,0.0681343525648117,0.06387192755937576,0.06908418238162994,0.05911965295672417,0.06635547429323196,0.06848633289337158,0.06067710369825363,0.06842990964651108,0.06284177303314209,0.06440752744674683,0.05950436741113663,0.056631993502378464,0.05687537416815758,0.06355453282594681,0.058036334812641144,0.05611535534262657,0.061267007142305374,0.05619891360402107,0.05185065045952797,0.04722662270069122,0.058316461741924286,0.05913320556282997,0.06130733713507652,0.053216539323329926,0.047652263194322586,0.057224154472351074,0.05678887665271759,0.05719577148556709,0.05085175856947899,0.04940258339047432,0.045793939381837845,0.04337934032082558,0.05309257656335831,0.053543299436569214,0.05580820515751839,0.0478668250143528,0.0425768718123436,0.054813582450151443,0.051315631717443466,0.048127755522727966,0.04237542301416397,0.049742456525564194,0.0516316294670105,0.049519285559654236,0.04579881578683853,0.05113336816430092,0.04594910889863968,0.04776535555720329,0.04582904651761055,0.039032500237226486,0.051543787121772766,0.04334965720772743,0.04494839534163475,0.05731182172894478,0.04607543349266052,0.04407475143671036,0.040313977748155594,0.03932023420929909,0.04849366843700409,0.043459318578243256,0.04152875393629074,0.03993769362568855,0.04637706279754639,0.044067852199077606,0.039761967957019806,0.045452434569597244,0.045689456164836884,0.038826003670692444,0.03822576627135277,0.04466809704899788,0.04391317069530487,0.050686586648225784,0.03830660134553909,0.03949788585305214,0.042872652411460876,0.03214883804321289,0.0416446216404438,0.037701986730098724,0.0483856163918972,0.0360836461186409,0.03906458243727684,0.03490031883120537,0.03470394387841225,0.04213794320821762,0.04476302117109299,0.036249637603759766,0.04304676130414009
epoch_classification_loss,wall_time,1597785122.8016036,1597785576.5031266,1597785898.4451697,1597786224.1932302,1597786549.908115,1597786875.7813478,1597787198.0243769,1597787517.5335436,1597787835.9465206,1597788154.4732246,1597788470.9408634,1597788786.0880256,1597789103.8338997,1597789419.5987356,1597789737.7791939,1597790053.3780806,1597790370.276204,1597790685.3173335,1597791004.099516,1597791320.6995807,1597791635.3045163,1597791951.957624,1597792267.4538167,1597792583.005663,1597792898.1040812,1597793213.564804,1597793527.5444152,1597793841.8346229,1597794155.9299152,1597794469.784537,1597794783.6471212,1597795098.36908,1597795412.3759882,1597795726.1608996,1597796039.928549,1597796353.389063,1597796667.4929597,1597796981.4402778,1597797295.339473,1597797609.979154,1597797923.9898193,1597798237.26617,1597798551.165798,1597798864.9145875,1597799178.3083048,1597799491.6675527,1597799805.3765204,1597800118.7409434,1597800432.7315133,1597800746.8349435,1597801060.4657393,1597801373.756331,1597801687.3959973,1597802000.819923,1597802314.9052737,1597802628.529349,1597802941.8377998,1597803255.519661,1597803568.948193,1597803881.4886954,1597804194.2420342,1597804507.2276306,1597804819.974266,1597805133.1821504,1597805446.1639802,1597805758.8803828,1597806071.7071495,1597806384.9350722,1597806697.5736473,1597807010.7970104,1597807323.7035193,1597807636.142217,1597807948.922348,1597808261.9663439,1597808574.1422656,1597808887.1943023,1597809200.5259495,1597809512.9983919,1597809825.8963454,1597810138.460077,1597810450.8768926,1597810764.0375617,1597811076.7791643,1597811389.1515975,1597811702.034252,1597812015.0221653,1597812327.6508152,1597812640.5694141,1597812953.0692844,1597813265.5732036,1597813578.2228775,1597813890.978188,1597814203.3126261,1597814516.1604636,1597814829.153065,1597815141.9868748,1597815454.4989114,1597815766.9779243,1597816079.2890677,1597816392.3497708,1597816705.2072945,1597817017.6679568,1597817330.4682066,1597817643.2717848,1597817956.151865,1597818269.0083234,1597818582.15489,1597818894.7139635,1597819207.6841805,1597819520.2968931,1597819832.661673,1597820145.2257311,1597820458.0248678,1597820770.4804466,1597821083.3495343,1597821395.8774793,1597821708.4978898,1597822021.1726782,1597822333.9335885,1597822646.2972918,1597822958.8598201,1597823271.4671845,1597823583.7301998,1597823896.2071168,1597824209.1085372,1597824521.4924073,1597824833.9639382,1597825146.349567,1597825458.5012407,1597825771.2258987,1597826084.1409235,1597826396.537838,1597826709.1169784,1597827021.9696045,1597827334.1521103,1597827646.663023,1597827959.353584,1597828271.2134404,1597828583.8417187,1597828896.6566308,1597829209.6136584,1597829522.4913535,1597829835.154085,1597830147.5281115,1597830460.286668,1597830773.0618377,1597831085.173659,1597831397.6901896,1597831710.2415845,1597832022.7034876,1597832335.4935036,1597832648.6396484,1597832961.130047,1597833273.6345832,1597833586.139537,1597833898.6374943,1597834211.0698128,1597834523.9379034,1597834836.1381826,1597835148.6344178,1597835461.3706381,1597835773.865651,1597836086.7850242,1597836399.3009076,1597836711.6218672,1597837024.1950383,1597837336.7471223,1597837649.0806205,1597837961.3519382,1597838273.6393435,1597838585.5377433,1597838898.3840923,1597839210.717262,1597839523.1157796,1597839835.884618,1597840148.8438847,1597840460.9477322,1597840773.7370186,1597841086.441625,1597841399.110046,1597841711.7767425,1597842024.1598763,1597842336.3118453,1597842649.0462136,1597842961.434673,1597843273.9326582,1597843586.4103324,1597843899.2457323,1597844211.7965057,1597844524.3132577,1597844836.9060738,1597845149.349497,1597845462.0358183,1597845774.842049,1597846087.2414382,1597846399.6921291,1597846712.2177837,1597847024.5334384,1597847337.156132,1597847649.4714785
epoch_regression_loss,value,0.4182669520378113,0.34073323011398315,0.30643054842948914,0.2876329720020294,0.26515552401542664,0.25635385513305664,0.23974817991256714,0.23328201472759247,0.22468265891075134,0.21574318408966064,0.20723123848438263,0.20103122293949127,0.1964598447084427,0.18638195097446442,0.18736782670021057,0.17508821189403534,0.17597492039203644,0.17047344148159027,0.16384302079677582,0.1669319123029709,0.15789563953876495,0.15509168803691864,0.14893348515033722,0.14832426607608795,0.14536093175411224,0.1412835270166397,0.1461820900440216,0.1355670839548111,0.13761812448501587,0.13282231986522675,0.12973031401634216,0.12700118124485016,0.12481620907783508,0.12385953217744827,0.12080959975719452,0.12126627564430237,0.11978364735841751,0.11578093469142914,0.11301077902317047,0.11544178426265717,0.10716360807418823,0.10985834151506424,0.10985187441110611,0.11027085036039352,0.10376869142055511,0.10743105411529541,0.1021556705236435,0.10335855931043625,0.10409960895776749,0.096976637840271,0.09882014244794846,0.09597495198249817,0.09585943818092346,0.09412935376167297,0.09424605220556259,0.0925421193242073,0.0922725647687912,0.09015560895204544,0.09023011475801468,0.0862775444984436,0.08833642303943634,0.08902020007371902,0.08652176707983017,0.0863400548696518,0.08322353661060333,0.0836712196469307,0.08523465692996979,0.08198270201683044,0.07939945161342621,0.07705650478601456,0.08096497505903244,0.07997936010360718,0.08069978654384613,0.07502646744251251,0.0769224539399147,0.07584565132856369,0.07458514720201492,0.07452533394098282,0.07449153065681458,0.0750574842095375,0.07517502456903458,0.06900648772716522,0.07211950421333313,0.06956770271062851,0.07004304230213165,0.06834463030099869,0.06788263469934464,0.07370243221521378,0.06730160117149353,0.06828156113624573,0.0681467205286026,0.06991947442293167,0.06469807773828506,0.06493448466062546,0.06694009155035019,0.06435372680425644,0.06343302130699158,0.06393391638994217,0.06406629830598831,0.06412053853273392,0.0628596767783165,0.06405434012413025,0.05946103483438492,0.06269321590662003,0.05908740684390068,0.0588502399623394,0.06279968470335007,0.0577055923640728,0.061323877424001694,0.05763411149382591,0.0599118173122406,0.05731738358736038,0.05610810965299606,0.05889935791492462,0.05805213376879692,0.05861048772931099,0.05688466876745224,0.057482991367578506,0.05880528315901756,0.055921487510204315,0.05633224919438362,0.05460106208920479,0.053824614733457565,0.054672710597515106,0.0542961061000824,0.05391842871904373,0.0536779910326004,0.05357708781957626,0.05164804682135582,0.053730159997940063,0.05267128348350525,0.051010917872190475,0.048948995769023895,0.05026509612798691,0.05166562646627426,0.053499408066272736,0.05105197802186012,0.04631046578288078,0.050657011568546295,0.05053324997425079,0.052399855107069016,0.047075409442186356,0.05014370009303093,0.04721258953213692,0.04652411490678787,0.04948924854397774,0.04785480350255966,0.04914063215255737,0.047598063945770264,0.04505457356572151,0.0504603274166584,0.04768747836351395,0.04746394231915474,0.04525192826986313,0.04700271785259247,0.04662675783038139,0.047482818365097046,0.04662134498357773,0.04828877002000809,0.04595952481031418,0.04667825251817703,0.04693588986992836,0.04443006217479706,0.04680459573864937,0.043991636484861374,0.04425276815891266,0.049071792513132095,0.04340553283691406,0.04513254761695862,0.04211316630244255,0.04217418283224106,0.044291846454143524,0.043683186173439026,0.04366952180862427,0.04298947751522064,0.044093385338783264,0.041385404765605927,0.04246528446674347,0.04246934503316879,0.043294936418533325,0.04164256155490875,0.04123811051249504,0.04475559666752815,0.042909059673547745,0.044599030166864395,0.039587266743183136,0.042831793427467346,0.04070824757218361,0.03950783610343933,0.04157605767250061,0.04104350507259369,0.04238696023821831,0.04058920592069626,0.040878258645534515,0.03984172269701958,0.03899649903178215,0.04071323573589325,0.0402899831533432,0.04070860520005226,0.03944357484579086
epoch_regression_loss,wall_time,1597785122.8016198,1597785576.5031438,1597785898.4451869,1597786224.1932466,1597786549.9081318,1597786875.7813647,1597787198.0243943,1597787517.5335624,1597787835.9465373,1597788154.4732413,1597788470.940881,1597788786.088043,1597789103.8339167,1597789419.5987523,1597789737.77921,1597790053.3781326,1597790370.2762332,1597790685.3173847,1597791004.0995326,1597791320.6995978,1597791635.3045337,1597791951.957641,1597792267.4538338,1597792583.0056798,1597792898.1041324,1597793213.5648203,1597793527.5444317,1597793841.8346393,1597794155.9299312,1597794469.784553,1597794783.6471713,1597795098.3690963,1597795412.3760047,1597795726.160919,1597796039.9285655,1597796353.3890793,1597796667.4929757,1597796981.4402938,1597797295.339489,1597797609.9791837,1597797923.9898372,1597798237.2661908,1597798551.1658154,1597798864.9146056,1597799178.308321,1597799491.6675692,1597799805.376537,1597800118.7409592,1597800432.7315292,1597800746.8349617,1597801060.4657552,1597801373.756347,1597801687.3960268,1597802000.8199396,1597802314.9052896,1597802628.5293653,1597802941.8378167,1597803255.5196779,1597803568.948209,1597803881.488711,1597804194.2420504,1597804507.2276487,1597804819.9742823,1597805133.1821666,1597805446.1639967,1597805758.8803983,1597806071.7071657,1597806384.9350886,1597806697.5736651,1597807010.7970264,1597807323.703535,1597807636.1422334,1597807948.922364,1597808261.9663956,1597808574.142281,1597808887.1943185,1597809200.525965,1597809512.9984078,1597809825.8963618,1597810138.4600947,1597810450.8769088,1597810764.0375779,1597811076.7791805,1597811389.1516144,1597811702.034268,1597812015.0221913,1597812327.6508317,1597812640.569432,1597812953.0693004,1597813265.5732198,1597813578.2228935,1597813890.9782047,1597814203.3126426,1597814516.1604798,1597814829.1530812,1597815141.9868937,1597815454.4989276,1597815766.977941,1597816079.289084,1597816392.3497875,1597816705.207311,1597817017.6679733,1597817330.468223,1597817643.2718,1597817956.1518824,1597818269.0083396,1597818582.154906,1597818894.7139804,1597819207.6841962,1597819520.2969096,1597819832.6616895,1597820145.225749,1597820458.0248835,1597820770.480462,1597821083.3495524,1597821395.8774955,1597821708.4979057,1597822021.1726947,1597822333.9336047,1597822646.2973082,1597822958.8598363,1597823271.467201,1597823583.7302153,1597823896.2071323,1597824209.1085527,1597824521.4924235,1597824833.9639678,1597825146.3495831,1597825458.5012567,1597825771.2259154,1597826084.14094,1597826396.5378547,1597826709.1169949,1597827021.969621,1597827334.1521263,1597827646.663039,1597827959.3536,1597828271.2134564,1597828583.8417354,1597828896.6566477,1597829209.613675,1597829522.4913707,1597829835.1541007,1597830147.5281408,1597830460.2866862,1597830773.0618532,1597831085.1736755,1597831397.6902058,1597831710.2416005,1597832022.7035036,1597832335.4935195,1597832648.6396964,1597832961.1300757,1597833273.6346002,1597833586.139553,1597833898.6375096,1597834211.0698292,1597834523.9379194,1597834836.1381984,1597835148.634434,1597835461.370654,1597835773.8656669,1597836086.7850535,1597836399.3009233,1597836711.6218848,1597837024.195054,1597837336.747139,1597837649.0806675,1597837961.3519614,1597838273.6393592,1597838585.5377593,1597838898.384111,1597839210.7172785,1597839523.1157978,1597839835.8846488,1597840148.8439004,1597840460.947748,1597840773.7370346,1597841086.4416409,1597841399.1100626,1597841711.7767594,1597842024.1598928,1597842336.3118613,1597842649.0462296,1597842961.4346893,1597843273.9326744,1597843586.4103615,1597843899.2457485,1597844211.7965217,1597844524.3132741,1597844836.9060898,1597845149.3495133,1597845462.0358355,1597845774.8420649,1597846087.241454,1597846399.6921449,1597846712.217825,1597847024.533454,1597847337.156148,1597847649.4714954
epoch_val_loss,value,1.5293517112731934,1.4337310791015625,0.9489991068840027,0.8719086647033691,1.0219355821609497,0.837043285369873,0.7981303930282593,0.8017833828926086,0.7762973308563232,0.7858162522315979,0.7331380248069763,0.7479355931282043,0.7409684062004089,0.7130900025367737,0.7137565612792969,0.6108670234680176,0.6202392578125,0.6684404015541077,0.620083212852478,0.6015092730522156,0.5890185236930847,0.5358185172080994,0.5457074642181396,0.5586162209510803,0.5530664920806885,0.5260459780693054,0.5454617142677307,0.5265714526176453,0.5379267334938049,0.541215717792511,0.5315017700195312,0.5085404515266418,0.5363162159919739,0.5077497959136963,0.49552080035209656,0.5109213590621948,0.5120548605918884,0.500445544719696,0.5362558364868164,0.5056234002113342,0.5255799293518066,0.49632903933525085,0.506723165512085,0.48585426807403564,0.4974132180213928,0.47699177265167236,0.4997398555278778,0.4577134847640991,0.4873106777667999,0.4815564751625061,0.48344385623931885,0.5202624201774597,0.4929007291793823,0.4657679796218872,0.4873225688934326,0.49554404616355896,0.49584805965423584,0.49334922432899475,0.48370838165283203,0.5005868673324585,0.4881841838359833,0.4876365661621094,0.4950557053089142,0.5028818249702454,0.49474412202835083,0.5092363357543945,0.481100857257843,0.46259957551956177,0.48581862449645996,0.4846259355545044,0.49302542209625244,0.48679250478744507,0.4928417205810547,0.5115395188331604,0.4683779180049896,0.4699656367301941,0.4885898232460022,0.49308425188064575,0.5125505924224854,0.5171951651573181,0.4956543445587158,0.4947015643119812,0.47843343019485474,0.48902931809425354,0.4904215335845947,0.49201664328575134,0.5431926846504211,0.47590798139572144,0.474605530500412,0.5297418832778931,0.49589425325393677,0.5073118209838867,0.49933311343193054,0.6127510070800781,0.5325150489807129,0.49060285091400146,0.5035386085510254,0.5012593269348145,0.5218638181686401,0.5063163638114929,0.4991615414619446,0.505099356174469,0.5009861588478088,0.5163726210594177,0.5054848790168762,0.529715359210968,0.48423734307289124,0.5026640295982361,0.5204759240150452,0.5114198327064514,0.5146619081497192,0.4976504445075989,0.5082936882972717,0.5172747373580933,0.4947315752506256,0.4873747229576111,0.5243492126464844,0.5210389494895935,0.5185259580612183,0.5006762146949768,0.5000237822532654,0.513358473777771,0.5105995535850525,0.5148517489433289,0.5186773538589478,0.530027449131012,0.5302677154541016,0.5076061487197876,0.5087572932243347,0.5480645895004272,0.4815269708633423,0.530032753944397,0.5154370069503784,0.5715516209602356,0.48217156529426575,0.5502375364303589,0.5087963342666626,0.5171754360198975,0.502602756023407,0.5284966230392456,0.5506319403648376,0.5103062987327576,0.507801353931427,0.5214628577232361,0.5371504426002502,0.5323736071586609,0.5101727843284607,0.5063744783401489,0.5150898098945618,0.5403851270675659,0.4908413589000702,0.6112202405929565,0.5013673901557922,0.5093051791191101,0.5414770841598511,0.5169637799263,0.5526260733604431,0.547674298286438,0.5487173199653625,0.5218254327774048,0.5305632948875427,0.5289722681045532,0.5274288654327393,0.5317288637161255,0.5084151029586792,0.6067394614219666,0.5259541869163513,0.5454583764076233,0.5110251307487488,0.5210333466529846,0.49578168988227844,0.5043855905532837,0.5022187829017639,0.5233415961265564,0.5293236374855042,0.539804995059967,0.5208443999290466,0.5289776921272278,0.5324392318725586,0.5481544733047485,0.5680371522903442,0.5528331398963928,0.5071396231651306,0.5337579250335693,0.5322211980819702,0.5067322850227356,0.5293593406677246,0.5106514692306519,0.5203903317451477,0.5091642737388611,0.5192649960517883,0.545630931854248,0.5133703947067261,0.5299841165542603,0.5382156372070312,0.5424185991287231,0.5428198575973511,0.5281679630279541,0.5475019812583923,0.519151508808136
epoch_val_loss,wall_time,1597785122.801634,1597785576.5031583,1597785898.4452012,1597786224.1932614,1597786549.9081464,1597786875.781379,1597787198.0244088,1597787517.5335772,1597787835.9465513,1597788154.4732556,1597788470.9408946,1597788786.0880578,1597789103.8339307,1597789419.5987663,1597789737.7792246,1597790053.378178,1597790370.2762473,1597790685.31743,1597791004.0995471,1597791320.6996126,1597791635.304548,1597791951.9576547,1597792267.4538481,1597792583.0056942,1597792898.1041782,1597793213.5648346,1597793527.5444455,1597793841.8346531,1597794155.929945,1597794469.7845666,1597794783.6472151,1597795098.3691103,1597795412.3760195,1597795726.1609364,1597796039.9285855,1597796353.3890934,1597796667.4929898,1597796981.4403086,1597797295.3395028,1597797609.9791973,1597797923.9898515,1597798237.2662096,1597798551.1658294,1597798864.91462,1597799178.3083353,1597799491.667583,1597799805.3765514,1597800118.7409735,1597800432.731543,1597800746.834976,1597801060.4657693,1597801373.756363,1597801687.3960407,1597802000.8199542,1597802314.905304,1597802628.5293794,1597802941.837831,1597803255.5196922,1597803568.9482229,1597803881.4887252,1597804194.2420645,1597804507.2276628,1597804819.9742959,1597805133.1821806,1597805446.1640108,1597805758.880412,1597806071.7071798,1597806384.9351025,1597806697.5736792,1597807010.7970402,1597807323.7035487,1597807636.1422477,1597807948.922378,1597808261.9664416,1597808574.1422951,1597808887.1943324,1597809200.5259786,1597809512.9984224,1597809825.896376,1597810138.4601088,1597810450.8769228,1597810764.0375924,1597811076.7791946,1597811389.1516287,1597811702.0342817,1597812015.0222065,1597812327.650848,1597812640.5694473,1597812953.069315,1597813265.5732336,1597813578.222907,1597813890.9782188,1597814203.3126566,1597814516.1604939,1597814829.1530974,1597815141.986908,1597815454.4989414,1597815766.9779553,1597816079.2890975,1597816392.3498015,1597816705.207325,1597817017.6679873,1597817330.4682374,1597817643.2718134,1597817956.1518965,1597818269.0083537,1597818582.1549203,1597818894.7139945,1597819207.6842105,1597819520.2969236,1597819832.6617038,1597820145.2257636,1597820458.024897,1597820770.480476,1597821083.349567,1597821395.8775098,1597821708.49792,1597822021.1727085,1597822333.933618,1597822646.2973225,1597822958.8598504,1597823271.4672153,1597823583.730229,1597823896.2071464,1597824209.108567,1597824521.4924376,1597824833.9639819,1597825146.3495972,1597825458.5012708,1597825771.2259293,1597826084.140954,1597826396.537869,1597826709.117009,1597827021.9696352,1597827334.1521406,1597827646.6630528,1597827959.3536136,1597828271.2134702,1597828583.8417504,1597828896.6566617,1597829209.6136892,1597829522.4913855,1597829835.1541147,1597830147.5281546,1597830460.2867005,1597830773.0618672,1597831085.1736898,1597831397.690219,1597831710.2416146,1597832022.7035177,1597832335.4935338,1597832648.63974,1597832961.1300895,1597833273.6346142,1597833586.1395671,1597833898.6375234,1597834211.0698433,1597834523.9379332,1597834836.1382122,1597835148.634449,1597835461.370668,1597835773.865681,1597836086.7850673,1597836399.300937,1597836711.621899,1597837024.1950684,1597837336.7471528,1597837649.080682,1597837961.351984,1597838273.6393728,1597838585.5377734,1597838898.3841255,1597839210.717293,1597839523.115813,1597839835.8846626,1597840148.843914,1597840460.9477618,1597840773.7370486,1597841086.4416547,1597841399.110078,1597841711.776774,1597842024.1599066,1597842336.3118753,1597842649.0462434,1597842961.4347036,1597843273.9326887,1597843586.410375,1597843899.2457628,1597844211.796536,1597844524.3132877,1597844836.9061038,1597845149.3495276,1597845462.03585,1597845774.842079,1597846087.2414672,1597846399.692159,1597846712.2178624,1597847024.533467,1597847337.156162,1597847649.4715095
epoch_val_classification_loss,value,1.0724908113479614,0.9896868467330933,0.6290889978408813,0.5794550180435181,0.73072749376297,0.5715925097465515,0.5321677923202515,0.53166264295578,0.5208820104598999,0.5267772078514099,0.4999435544013977,0.5237619876861572,0.5053825378417969,0.4901135265827179,0.49011799693107605,0.3994189500808716,0.4139655828475952,0.4562819004058838,0.4179075360298157,0.3928176760673523,0.40557757019996643,0.3446141183376312,0.3587023913860321,0.36422809958457947,0.3666943907737732,0.3438628911972046,0.3595832586288452,0.34950152039527893,0.3592434227466583,0.3509557247161865,0.3556283712387085,0.3328869938850403,0.3575369715690613,0.3363754451274872,0.3214920163154602,0.33994290232658386,0.3446308970451355,0.3310339152812958,0.3684994578361511,0.33445557951927185,0.36043334007263184,0.33281946182250977,0.33646631240844727,0.31853073835372925,0.3345697224140167,0.3162122368812561,0.33275100588798523,0.3020961582660675,0.3272339701652527,0.3215891718864441,0.3231370449066162,0.3555278480052948,0.326737642288208,0.3112017810344696,0.3267805576324463,0.3379723131656647,0.334121972322464,0.3362588882446289,0.32624170184135437,0.3375955820083618,0.33222153782844543,0.3299941420555115,0.3319326341152191,0.34204307198524475,0.3341517746448517,0.35308846831321716,0.32628345489501953,0.3096565306186676,0.3335651755332947,0.3236232101917267,0.3375295102596283,0.3324567973613739,0.33701539039611816,0.35128188133239746,0.3126430809497833,0.3092004656791687,0.3319703936576843,0.33639124035835266,0.3579995036125183,0.3628794550895691,0.34273189306259155,0.34314626455307007,0.3288467228412628,0.339661180973053,0.34014591574668884,0.33882442116737366,0.3895394206047058,0.3242412209510803,0.3268560469150543,0.3763597011566162,0.34276241064071655,0.35725682973861694,0.34607991576194763,0.4556663930416107,0.37122100591659546,0.3379402458667755,0.3533225357532501,0.35141170024871826,0.3646039664745331,0.3544953167438507,0.35122349858283997,0.35340458154678345,0.34848663210868835,0.3609866797924042,0.35740286111831665,0.3801712691783905,0.33940500020980835,0.34852921962738037,0.36887630820274353,0.359760046005249,0.3673178255558014,0.34410497546195984,0.3621441721916199,0.36689451336860657,0.3460090756416321,0.33752989768981934,0.374081015586853,0.3719450533390045,0.3689722716808319,0.3552010953426361,0.35034552216529846,0.36360734701156616,0.3604200780391693,0.36732354760169983,0.3703361451625824,0.37740710377693176,0.38135433197021484,0.359234482049942,0.3642203211784363,0.4006815254688263,0.33923283219337463,0.3872940242290497,0.3739593029022217,0.4217032790184021,0.3406985402107239,0.3984341025352478,0.36679574847221375,0.3743368685245514,0.3574836552143097,0.3783608376979828,0.4029494524002075,0.3671022355556488,0.3672902286052704,0.3748677670955658,0.39107686281204224,0.386451780796051,0.36187395453453064,0.36115941405296326,0.37342211604118347,0.39454177021980286,0.3500753343105316,0.4556347727775574,0.36265629529953003,0.3635941445827484,0.3917779326438904,0.36651840806007385,0.40665972232818604,0.4023358225822449,0.40003374218940735,0.37637391686439514,0.3740885853767395,0.38083553314208984,0.3828115165233612,0.38368862867355347,0.3673776388168335,0.45453524589538574,0.38049229979515076,0.39930281043052673,0.37103915214538574,0.3757321536540985,0.3556758165359497,0.359119713306427,0.35945603251457214,0.3789626955986023,0.3832184970378876,0.3914755880832672,0.37530848383903503,0.38803285360336304,0.3846231698989868,0.39763352274894714,0.41944828629493713,0.4041675925254822,0.36175599694252014,0.38746824860572815,0.38702988624572754,0.3636196255683899,0.3809381127357483,0.3647683560848236,0.3784063160419464,0.3659692704677582,0.3773643970489502,0.3957677483558655,0.37330567836761475,0.38658979535102844,0.393410861492157,0.401600182056427,0.3938118517398834,0.38103532791137695,0.40391620993614197,0.3765115439891815
epoch_val_classification_loss,wall_time,1597785122.8016481,1597785576.5031726,1597785898.445215,1597786224.1932755,1597786549.9081604,1597786875.7813926,1597787198.0244226,1597787517.533591,1597787835.9465644,1597788154.4732695,1597788470.940908,1597788786.0880716,1597789103.833944,1597789419.5987802,1597789737.7792385,1597790053.3782213,1597790370.2762613,1597790685.3174725,1597791004.0995605,1597791320.699627,1597791635.3045614,1597791951.957668,1597792267.453862,1597792583.0057077,1597792898.104222,1597793213.564848,1597793527.5444589,1597793841.8346663,1597794155.929958,1597794469.7845895,1597794783.647258,1597795098.369123,1597795412.3760328,1597795726.1609533,1597796039.9285996,1597796353.3891068,1597796667.4930027,1597796981.4403222,1597797295.339516,1597797609.9792101,1597797923.989865,1597798237.2662275,1597798551.1658428,1597798864.9146338,1597799178.3083487,1597799491.667596,1597799805.376565,1597800118.7409868,1597800432.731556,1597800746.8349898,1597801060.4657822,1597801373.7563767,1597801687.3960543,1597802000.819968,1597802314.9053178,1597802628.5293927,1597802941.8378448,1597803255.5197058,1597803568.9482362,1597803881.488738,1597804194.2420774,1597804507.2276762,1597804819.9743092,1597805133.182194,1597805446.1640248,1597805758.8804255,1597806071.7071931,1597806384.9351158,1597806697.5736923,1597807010.7970533,1597807323.7035618,1597807636.1422613,1597807948.9223917,1597808261.9664853,1597808574.142308,1597808887.194346,1597809200.5259917,1597809512.9984362,1597809825.896389,1597810138.4601223,1597810450.8769362,1597810764.037606,1597811076.7792084,1597811389.1516423,1597811702.0342953,1597812015.0222192,1597812327.6508617,1597812640.5694604,1597812953.0693283,1597813265.5732467,1597813578.2229202,1597813890.9782321,1597814203.3126698,1597814516.1605074,1597814829.1531107,1597815141.986921,1597815454.4989548,1597815766.9779685,1597816079.2891111,1597816392.3498144,1597816705.2073383,1597817017.668001,1597817330.4682505,1597817643.2718256,1597817956.1519098,1597818269.0083673,1597818582.1549335,1597818894.7140076,1597819207.6842237,1597819520.2969372,1597819832.6617174,1597820145.225777,1597820458.0249107,1597820770.480489,1597821083.3495805,1597821395.8775232,1597821708.4979334,1597822021.1727223,1597822333.9336312,1597822646.297336,1597822958.8598638,1597823271.467229,1597823583.7302423,1597823896.2071595,1597824209.1085885,1597824521.4924507,1597824833.9639947,1597825146.3496106,1597825458.5012841,1597825771.2259424,1597826084.1409671,1597826396.5378823,1597826709.1170223,1597827021.9696488,1597827334.152154,1597827646.663066,1597827959.3536263,1597828271.2134836,1597828583.8417642,1597828896.6566753,1597829209.613702,1597829522.491399,1597829835.1541278,1597830147.5281675,1597830460.286714,1597830773.061881,1597831085.1737032,1597831397.6902323,1597831710.241628,1597832022.703531,1597832335.4935474,1597832648.6397803,1597832961.1301022,1597833273.634628,1597833586.1395805,1597833898.6375363,1597834211.0698564,1597834523.9379466,1597834836.1382248,1597835148.6344647,1597835461.370681,1597835773.8656943,1597836086.78508,1597836399.3009498,1597836711.621912,1597837024.1950817,1597837336.7471657,1597837649.0806952,1597837961.352005,1597838273.639386,1597838585.537787,1597838898.3841383,1597839210.7173064,1597839523.115827,1597839835.8846896,1597840148.8439264,1597840460.9477744,1597840773.7370613,1597841086.4416676,1597841399.1100934,1597841711.7767873,1597842024.15992,1597842336.311889,1597842649.0462563,1597842961.4347172,1597843273.932702,1597843586.4103882,1597843899.2457762,1597844211.796549,1597844524.3133008,1597844836.9061167,1597845149.3495414,1597845462.0358639,1597845774.842092,1597846087.2414796,1597846399.6921725,1597846712.217897,1597847024.5334797,1597847337.1561759,1597847649.4715226
epoch_val_regression_loss,value,0.4568605124950409,0.44404447078704834,0.3199101686477661,0.292453408241272,0.2912081480026245,0.2654505670070648,0.26596251130104065,0.2701207995414734,0.2554154396057129,0.2590390145778656,0.2331945300102234,0.2241736203432083,0.23558570444583893,0.22297649085521698,0.2236383557319641,0.2114480584859848,0.20627368986606598,0.2121584117412567,0.20217561721801758,0.20869137346744537,0.18344107270240784,0.19120444357395172,0.18700507283210754,0.1943880021572113,0.1863720864057541,0.18218311667442322,0.18587850034236908,0.17706997692584991,0.17868328094482422,0.19025996327400208,0.17587320506572723,0.17565329372882843,0.1787792295217514,0.17137423157691956,0.17402878403663635,0.17097845673561096,0.1674240231513977,0.16941165924072266,0.16775648295879364,0.17116780579090118,0.16514652967453003,0.16350960731506348,0.1702568233013153,0.16732357442378998,0.1628435254096985,0.16077955067157745,0.16698886454105377,0.1556173413991928,0.1600765734910965,0.15996725857257843,0.16030678153038025,0.16473446786403656,0.16616304218769073,0.15456622838974,0.16054189205169678,0.15757162868976593,0.16172604262828827,0.15709036588668823,0.15746675431728363,0.1629912555217743,0.15596264600753784,0.1576424390077591,0.1631230115890503,0.16083864867687225,0.16059234738349915,0.15614771842956543,0.15481746196746826,0.1529429703950882,0.1522534042596817,0.16100262105464935,0.1554960161447525,0.15433581173419952,0.1558263897895813,0.16025781631469727,0.1557348668575287,0.1607651263475418,0.15661941468715668,0.1566930115222931,0.15455102920532227,0.1543157398700714,0.15292240679264069,0.15155524015426636,0.14958655834197998,0.1493680775165558,0.1502758115530014,0.15319226682186127,0.1536533236503601,0.15166661143302917,0.14774946868419647,0.1533820927143097,0.15313179790973663,0.1500549614429474,0.15325318276882172,0.15708467364311218,0.16129396855831146,0.15266269445419312,0.1502160280942917,0.14984767138957977,0.15725982189178467,0.1518210619688034,0.14793792366981506,0.15169475972652435,0.15249937772750854,0.15538588166236877,0.1480819582939148,0.14954404532909393,0.14483234286308289,0.1541348248720169,0.15159958600997925,0.1516598016023636,0.14734409749507904,0.1535455286502838,0.14614951610565186,0.1503802388906479,0.14872251451015472,0.149844691157341,0.15026816725730896,0.14909394085407257,0.14955374598503113,0.14547526836395264,0.1496783196926117,0.14975106716156006,0.15017937123775482,0.14752812683582306,0.14834123849868774,0.15262019634246826,0.14891351759433746,0.14837166666984558,0.14453697204589844,0.14738304913043976,0.14229407906532288,0.14273865520954132,0.1414775848388672,0.14984820783138275,0.1414729207754135,0.1518034189939499,0.14200057089328766,0.14283858239650726,0.14511917531490326,0.15013571083545685,0.14768262207508087,0.14320410788059235,0.14051111042499542,0.14659491181373596,0.14607368409633636,0.1459217518568039,0.1482987254858017,0.14521503448486328,0.14166776835918427,0.14584335684776306,0.14076606929302216,0.15558552742004395,0.13871119916439056,0.14571097493171692,0.14969919621944427,0.15044531226158142,0.14596624672412872,0.14533837139606476,0.1486835777759552,0.14545153081417084,0.1564747840166092,0.14813663065433502,0.14461733400821686,0.14804023504257202,0.14103735983371735,0.15220408141613007,0.1454618126153946,0.14615564048290253,0.13998588919639587,0.14530113339424133,0.14010590314865112,0.1452658325433731,0.14276282489299774,0.1443789154291153,0.14610512554645538,0.14832930266857147,0.1455359160900116,0.1409449279308319,0.1478160172700882,0.15052103996276855,0.1485888808965683,0.14866557717323303,0.14538368582725525,0.1462896317243576,0.14519117772579193,0.1431126445531845,0.14842116832733154,0.14588294923305511,0.14198404550552368,0.14319512248039246,0.14190064370632172,0.14986306428909302,0.14006470143795013,0.14339447021484375,0.1448047161102295,0.14081844687461853,0.14900800585746765,0.14713267982006073,0.14358575642108917,0.14263974130153656
epoch_val_regression_loss,wall_time,1597785122.8016615,1597785576.503187,1597785898.4452293,1597786224.1932898,1597786549.908175,1597786875.7814069,1597787198.024437,1597787517.5336058,1597787835.9465783,1597788154.4732838,1597788470.9409218,1597788786.0880866,1597789103.8339598,1597789419.5987945,1597789737.7792528,1597790053.378266,1597790370.2762756,1597790685.317516,1597791004.0995743,1597791320.6996417,1597791635.3045805,1597791951.9576821,1597792267.453876,1597792583.005722,1597792898.1042676,1597793213.5648618,1597793527.5444722,1597793841.8346798,1597794155.929972,1597794469.7846417,1597794783.647302,1597795098.3691363,1597795412.3760467,1597795726.1609719,1597796039.9286137,1597796353.3891206,1597796667.4930162,1597796981.440336,1597797295.3395295,1597797609.979224,1597797923.9898784,1597798237.2662451,1597798551.1658564,1597798864.9146478,1597799178.3083622,1597799491.66761,1597799805.376586,1597800118.7410004,1597800432.731569,1597800746.8350036,1597801060.4657958,1597801373.75639,1597801687.396068,1597802000.8199818,1597802314.9053319,1597802628.5294063,1597802941.8378587,1597803255.5197198,1597803568.9482498,1597803881.488752,1597804194.2420912,1597804507.2276897,1597804819.974323,1597805133.182208,1597805446.1640384,1597805758.8804393,1597806071.7072067,1597806384.9351294,1597806697.5737064,1597807010.7970672,1597807323.7035754,1597807636.142275,1597807948.922405,1597808261.9665287,1597808574.1423213,1597808887.1943598,1597809200.526005,1597809512.9984508,1597809825.8964033,1597810138.4601362,1597810450.87695,1597810764.0376198,1597811076.779222,1597811389.1516564,1597811702.0343094,1597812015.0222325,1597812327.6508756,1597812640.5694742,1597812953.0693424,1597813265.5732603,1597813578.2229338,1597813890.9782462,1597814203.3126836,1597814516.1605213,1597814829.1531246,1597815141.9869344,1597815454.4989686,1597815766.9779825,1597816079.2891243,1597816392.349828,1597816705.2073524,1597817017.6680143,1597817330.4682648,1597817643.2718384,1597817956.1519234,1597818269.0083811,1597818582.1549473,1597818894.7140222,1597819207.6842377,1597819520.2969508,1597819832.661731,1597820145.2257907,1597820458.0249245,1597820770.4805028,1597821083.3495944,1597821395.8775373,1597821708.497947,1597822021.172736,1597822333.9336448,1597822646.2973497,1597822958.8598773,1597823271.467243,1597823583.7302558,1597823896.207173,1597824209.108638,1597824521.4924645,1597824833.964008,1597825146.3496244,1597825458.5012975,1597825771.2259562,1597826084.140981,1597826396.5378964,1597826709.117036,1597827021.9696631,1597827334.1521678,1597827646.6630795,1597827959.3536398,1597828271.2134974,1597828583.84178,1597828896.6566896,1597829209.613716,1597829522.4914126,1597829835.1541412,1597830147.5281808,1597830460.286728,1597830773.061895,1597831085.173717,1597831397.6902456,1597831710.2416418,1597832022.7035446,1597832335.4935615,1597832648.6398213,1597832961.1301157,1597833273.634642,1597833586.1395943,1597833898.6375496,1597834211.06987,1597834523.9379604,1597834836.138238,1597835148.6344788,1597835461.3706949,1597835773.865708,1597836086.7850933,1597836399.3009634,1597836711.6219258,1597837024.1950955,1597837336.7471788,1597837649.0807085,1597837961.352025,1597838273.6393995,1597838585.5378008,1597838898.3841517,1597839210.71732,1597839523.115841,1597839835.884703,1597840148.8439395,1597840460.9477885,1597840773.7370749,1597841086.441681,1597841399.110108,1597841711.7768013,1597842024.1599338,1597842336.3119028,1597842649.0462697,1597842961.434731,1597843273.932716,1597843586.4104018,1597843899.24579,1597844211.796563,1597844524.3133142,1597844836.9061298,1597845149.3495553,1597845462.0358806,1597845774.8421056,1597846087.2414927,1597846399.692186,1597846712.2179327,1597847024.5334928,1597847337.1561887,1597847649.4715362
mAP,value,0.004718304146081209,0.020666781812906265,0.09236127138137817,0.14115223288536072,0.1221395954489708,0.16519765555858612,0.201971635222435,0.21530961990356445,0.23370765149593353,0.23104724287986755,0.26413682103157043,0.32356715202331543,0.3004128038883209,0.3422274887561798,0.31370463967323303,0.39646244049072266,0.41461434960365295,0.4150272607803345,0.44443580508232117,0.44284501671791077,0.46684530377388,0.48640745878219604,0.4826919436454773,0.4872075915336609,0.48345401883125305,0.5186141729354858,0.4883071780204773,0.5171411037445068,0.5368309617042542,0.5231108069419861,0.5280057191848755,0.5449317693710327,0.5318201184272766,0.5547341108322144,0.5709276795387268,0.5512102246284485,0.5709121227264404,0.5676743984222412,0.5436300039291382,0.5887904167175293,0.555560290813446,0.5922443866729736,0.571487545967102,0.5978848934173584,0.5968517661094666,0.6303567290306091,0.5788482427597046,0.6380801796913147,0.6025694012641907,0.633400022983551,0.6215932369232178,0.6070626974105835,0.6339253187179565,0.6392916440963745,0.6268795728683472,0.6339967846870422,0.6183885335922241,0.6242639422416687,0.6473620533943176,0.6275033950805664,0.6540466547012329,0.6414798498153687,0.6352391839027405,0.6088864803314209,0.645057737827301,0.6462468504905701,0.6484992504119873,0.668010950088501,0.6521475315093994,0.6484273672103882,0.6480630040168762,0.6511343121528625,0.6519197821617126,0.643821656703949,0.670451283454895,0.6725949048995972,0.6633623838424683,0.6463595032691956,0.6487312316894531,0.6252191066741943,0.6509097814559937,0.6503728628158569,0.6802706122398376,0.6671611070632935,0.6646186113357544,0.6639248728752136,0.611656129360199,0.6739993691444397,0.6733848452568054,0.6452050805091858,0.6549301743507385,0.6703603267669678,0.6570777297019958,0.5787778496742249,0.6337305903434753,0.6854004263877869,0.6893978714942932,0.6900544762611389,0.631405770778656,0.6653314232826233,0.6732599139213562,0.6831101179122925,0.6711887121200562,0.6696420907974243,0.6652223467826843,0.6755488514900208,0.6699302792549133,0.6779626607894897,0.6620953679084778,0.6742870211601257,0.6655824184417725,0.6758926510810852,0.6784034967422485,0.6622787714004517,0.691252589225769,0.6926667094230652,0.688824474811554,0.6787950396537781,0.6685861945152283,0.7015746235847473,0.6973358988761902,0.6809101700782776,0.6715408563613892,0.6744703650474548,0.6663348078727722,0.6514537930488586,0.6530006527900696,0.6922945976257324,0.6832550168037415,0.6457028985023499,0.6930685639381409,0.6869258284568787,0.6858493089675903,0.6449278593063354,0.6952061653137207,0.6522011160850525,0.6933171153068542,0.6985212564468384,0.677097499370575,0.6580677628517151,0.6698372960090637,0.6852927803993225,0.6897739171981812,0.690521240234375,0.6824623942375183,0.6762900352478027,0.6970834136009216,0.677509069442749,0.6829301714897156,0.6787126064300537,0.7099834680557251,0.6447747945785522,0.6896234750747681,0.7032012343406677,0.6857782006263733,0.6764129996299744,0.6961471438407898,0.6878926753997803,0.6740220785140991,0.6912701725959778,0.68435138463974,0.6910223364830017,0.704777717590332,0.6875726580619812,0.6952444911003113,0.6313798427581787,0.6949359178543091,0.6649535298347473,0.7053722143173218,0.6877633929252625,0.7149618864059448,0.6943803429603577,0.7083478569984436,0.6990320086479187,0.699050784111023,0.671063244342804,0.6680803894996643,0.6879326701164246,0.7003626227378845,0.6811587810516357,0.6782429218292236,0.6935334205627441,0.6985730528831482,0.6999115347862244,0.6980615258216858,0.7038421034812927,0.6960930824279785,0.7179242968559265,0.7106794714927673,0.7093316316604614,0.7010571360588074,0.6860107779502869,0.7017385363578796,0.7083125114440918,0.7032666802406311,0.6987659931182861,0.6799265742301941,0.6763630509376526,0.6963779926300049,0.7037060260772705
mAP,wall_time,1597785167.923636,1597785613.2630436,1597785939.004073,1597786265.0733986,1597786591.2028568,1597786912.794827,1597787232.391451,1597787551.4072897,1597787869.1106446,1597788185.4355044,1597788501.4278731,1597788818.806767,1597789134.4513485,1597789453.2214057,1597789768.1974757,1597790085.029716,1597790400.5932496,1597790718.990874,1597791035.7157798,1597791350.8406675,1597791666.6420577,1597791982.5493426,1597792298.055504,1597792612.7207725,1597792928.6264708,1597793243.257838,1597793557.2315257,1597793871.5870717,1597794185.5750484,1597794499.02647,1597794813.8065712,1597795128.157583,1597795441.7536602,1597795755.546804,1597796069.3953016,1597796382.729774,1597796697.0474527,1597797011.2104764,1597797325.4743528,1597797639.50117,1597797952.9511714,1597798266.355364,1597798580.2266533,1597798894.130489,1597799207.2545776,1597799521.0216017,1597799834.56116,1597800147.876182,1597800461.986955,1597800775.9246416,1597801089.180719,1597801402.8102057,1597801716.5787287,1597802029.9121115,1597802343.9824328,1597802657.4957256,1597802970.750443,1597803284.387743,1597803597.7100384,1597803910.376985,1597804222.9973848,1597804536.133048,1597804848.6829526,1597805161.9004812,1597805474.9621637,1597805787.4560256,1597806100.5111442,1597806413.6778722,1597806726.5695288,1597807039.4901044,1597807352.4016943,1597807664.8594368,1597807977.6219285,1597808290.4521942,1597808603.1089017,1597808916.1611638,1597809229.1177814,1597809541.789522,1597809854.4856083,1597810167.0102236,1597810479.6033788,1597810792.5387135,1597811105.714671,1597811417.7177904,1597811730.8465102,1597812043.6216307,1597812356.4380488,1597812669.0511312,1597812981.7445312,1597813294.070382,1597813606.94194,1597813919.7516992,1597814231.8995326,1597814544.9131992,1597814857.9044366,1597815170.4735575,1597815482.931568,1597815795.4664788,1597816108.0482314,1597816421.128183,1597816733.7565894,1597817046.2404594,1597817358.9993434,1597817671.9104102,1597817984.869456,1597818297.7492383,1597818610.9683008,1597818923.27936,1597819236.3394744,1597819549.004139,1597819861.2738292,1597820173.6614985,1597820486.673826,1597820799.2609732,1597821112.0752115,1597821424.6457915,1597821737.2289488,1597822049.926393,1597822362.395432,1597822674.6988056,1597822987.4982402,1597823300.2124765,1597823612.2923098,1597823924.988202,1597824237.897597,1597824550.0349371,1597824862.3581073,1597825174.9577239,1597825487.1990416,1597825800.0535746,1597826112.9013011,1597826425.2462707,1597826737.8830044,1597827050.6022182,1597827362.8419635,1597827675.1353168,1597827987.7602184,1597828299.9285238,1597828612.4172246,1597828925.4473605,1597829238.1755674,1597829551.1133187,1597829863.751926,1597830175.9160254,1597830488.921296,1597830801.6165044,1597831113.6888835,1597831426.1605525,1597831738.8227289,1597832051.3459754,1597832364.132285,1597832677.0689502,1597832989.532279,1597833302.0953255,1597833614.9433415,1597833927.1637688,1597834239.8210194,1597834552.5306895,1597834864.5472803,1597835177.0509408,1597835490.1879604,1597835802.6315823,1597836115.281934,1597836427.790421,1597836740.306894,1597837052.5881898,1597837365.3024318,1597837677.4576395,1597837990.0304518,1597838302.3384194,1597838613.984167,1597838926.9247458,1597839239.2498558,1597839551.657774,1597839864.4809916,1597840177.4372485,1597840489.7036834,1597840802.2132642,1597841115.1810553,1597841427.8621721,1597841740.324314,1597842052.523753,1597842364.7616372,1597842677.4455893,1597842990.1681852,1597843302.424221,1597843615.0880144,1597843927.8767612,1597844240.3741825,1597844552.742955,1597844865.4855607,1597845178.0009458,1597845490.7453663,1597845803.2814813,1597846115.6911972,1597846428.119601,1597846740.7340772,1597847053.095669,1597847365.4729877,1597847677.8839102
